factor	statistic	p-value
country	0.5244267550950277	0.001
westernization	0.5049973186105099	0.001
